﻿Designator,Footprint,Quantity,Value,LCSC Part #
C1,0805,1,25V 10u0,
"C10, C7",0805,2,25V 10uF,C391262
"C11, C8",0805,2,50V 100nF,C3018562
C12,0805,1,50V 150pF,C2168780
"C13, C2, C20, C28, C30, C31, C32, C33, C35, C36, C37, C38, C5",0805,13,CAP_100n_50V_X7R_0805,
"C14, C15",0805,2,CAP_22p0_50V_C0G_NP0_0805,
"C16, C17, C25, C26, C27",CP_Radial_D5.0mm_P2.00mm,5,CAP_100u_20%_25V_ALUM_RADIAL,
"C18, C19, C21, C29, C3, C34, C4, C6",0805,8,CAP_10u0_25V_X5R_0805,
"C22, C23, C24",CP_Radial_D8.0mm_P3.50mm,3,330u_20%_25V_ALUM_RADIAL,
C9,0805,1,50V 5.6nF,C113862
"FER1, FER2",0805,2,210mΩ 0805,C85837
"IC1, IC5",SOT-223,2,IC_LM1117MP-5.0,
IC2,SOT-223,1,IC_NCP1117LPST33,
IC3,SOT-143,1,IC_ADM811TARTZ,C462205
IC4,SOIC-8-1EP_3.9x4.9mm_P1.27mm_EP2.29x3mm,1,IC_TLE2426ID,
IC6,SOIJ8-M_MC_MCH,1,IC_25AA1024,
J1,JST_PH_B4B-PH-K_1x04_P2.00mm_Vertical,1,PowerConAD-Wandler,
J2,JST_PH_B8B-PH-K_1x08_P2.00mm_Vertical,1,AD-Wandler CON,
J3,JST_PH_B4B-PH-K_1x04_P2.00mm_Vertical,1,PowerConDA-Wandler,
J4,JST_PH_B8B-PH-K_1x08_P2.00mm_Vertical,1,DA-Wandler CON,
J5,JST_PH_B2B-PH-K_1x02_P2.00mm_Vertical,1,PowerCON ESP,
J6,JST_PH_B8B-PH-K_1x08_P2.00mm_Vertical,1,ESP CON,
J7,JST_PH_B4B-PH-K_1x04_P2.00mm_Vertical,1,PowerConXMOS,
J8,JST_PH_B8B-PH-K_1x08_P2.00mm_Vertical,1,XMOS CON,
J9,JST_PH_B5B-PH-K_1x05_P2.00mm_Vertical,1,AUXADC,
JP1,PinHeader_1x02_P2.54mm_Vertical,1,CON_JUMPER,
P1,CP-72-6_ADI-M,1,ADAU1452,C462188
Q1,TO-252-2,1,ST STD2805T4,C672201
"R1, R2",0805,2,RES_2K00_1%_0.125W_Thick_0805,
R10,0805,1,4.32kΩ,C483139
R11,0805,1,RES_100K_1%_0.125W_Thick_0805,
"R12, R15, R16",0805,3,RES_10K0_1%_0.125W_Thick_0805,
R13,0805,1,RES_33R0_1%_0.125W_Thick_0805,
R14,0805,1,RES_100R_1%_0.125W_Thick_0805,
"R3, R4, R7, R8",R_Array_Convex_4x0603,4,33R0_5%_4x0603,
R5,0805,1,1kΩ 0805,C95781
R9,0805,1,RES_1K00_1%_0.125W_Thick_0805,
X1,Molex_Micro-Fit_3.0_43045-0412_2x02_P3.00mm_Vertical,1,PowerIN,C277721
X2,PinHeader_2x05_P2.00mm_Vertical,1,USBi,
X3,JST_PHD_B16B-PHDSS_2x08_P2.00mm_Vertical,1,ExpansionHeader,
X4,Molex_PicoBlade_53047-0310_1x03_P1.25mm_Vertical,1,Power LED,
Y1,Crystal_SMD_3225-4Pin_3.2x2.5mm,1,24M576,
